{
    "__comment": "JimStoneCraft - 2024",
    "variants": {
        "facing=east": [
        { "model": "minecraft:block/carved_pumpkin", "y": 90, "weight": 70 },
        { "model": "minecraft:block/carved_pumpkin_white", "y": 90, "weight": 30 }
        ],
        "facing=north": [
        { "model": "minecraft:block/carved_pumpkin", "weight": 70 },
        { "model": "minecraft:block/carved_pumpkin_white", "weight": 30 }
        ],
        "facing=south": [
        { "model": "minecraft:block/carved_pumpkin", "y": 180, "weight": 70 },
        { "model": "minecraft:block/carved_pumpkin_white", "y": 180, "weight": 30 }
        ],
        "facing=west": [
        { "model": "minecraft:block/carved_pumpkin", "y": 270, "weight": 70 },
        { "model": "minecraft:block/carved_pumpkin_white", "y": 270, "weight": 30 }
        ]
    }
}
