{
    "__comment": "JimStoneCraft - 2023",
    "variants": {
        "": [
            { "model": "minecraft:block/chiseled_tuff", "weight": 24 },
            { "model": "minecraft:block/chiseled_tuff1", "weight": 18 },
            { "model": "minecraft:block/chiseled_tuff2", "weight": 18 },
            { "model": "minecraft:block/chiseled_tuff3", "weight": 15 },
            { "model": "minecraft:block/chiseled_tuff4", "weight": 15 },
            { "model": "minecraft:block/chiseled_tuff5", "weight": 4 },
            { "model": "minecraft:block/chiseled_tuff6", "weight": 3 },
            { "model": "minecraft:block/chiseled_tuff7", "weight": 3 }
        ]
    }
}
