{
    "__comment": "JimStoneCraft - 2021",
    "variants": {
        "": [
            { "model": "minecraft:block/cracked_deepslate_bricks" },
            { "model": "minecraft:block/cracked_deepslate_bricks1" },
            { "model": "minecraft:block/cracked_deepslate_bricks2" },
            { "model": "minecraft:block/cracked_deepslate_bricks3" },
            { "model": "minecraft:block/cracked_deepslate_bricks4" },
            { "model": "minecraft:block/cracked_deepslate_bricks5" },
            { "model": "minecraft:block/cracked_deepslate_bricks6" }
        ]
    }
}
