{
    "__comment": "JimStoneCraft - 2021",
    "variants": {
        "type=bottom": [
            { "model": "minecraft:block/deepslate_tile_slab", "weight": 50 },
            { "model": "minecraft:block/deepslate_tile_slab1", "weight": 15 },
            { "model": "minecraft:block/deepslate_tile_slab2", "weight": 15 },
            { "model": "minecraft:block/deepslate_tile_slab3", "weight": 20 }
        ],
        "type=top": [
            { "model": "minecraft:block/deepslate_tile_slab_top", "weight": 50 },
            { "model": "minecraft:block/deepslate_tile_slab_top1", "weight": 15 },
            { "model": "minecraft:block/deepslate_tile_slab_top2", "weight": 15 },
            { "model": "minecraft:block/deepslate_tile_slab_top3", "weight": 20 }
        ],
        "type=double": [
            { "model": "minecraft:block/deepslate_tile_slab_double", "weight": 50 },
            { "model": "minecraft:block/deepslate_tile_slab_double1", "weight": 15 },
            { "model": "minecraft:block/deepslate_tile_slab_double2", "weight": 15 },
            { "model": "minecraft:block/deepslate_tile_slab_double3", "weight": 20 }
        ]
    }
}
