{
    "__comment": "JimStoneCraft - 2020",
    "variants": {
        "": [
            { "model": "minecraft:block/dirt_path", "weight": 60 },
            { "model": "minecraft:block/dirt_path", "weight": 60, "y": 90 },
            { "model": "minecraft:block/dirt_path", "weight": 60, "y": 180 },
            { "model": "minecraft:block/dirt_path", "weight": 60, "y": 270 },
            { "model": "minecraft:block/dirt_path1", "weight": 5 },
            { "model": "minecraft:block/dirt_path1", "weight": 5, "y": 90 },
            { "model": "minecraft:block/dirt_path1", "weight": 5, "y": 180 },
            { "model": "minecraft:block/dirt_path1", "weight": 5, "y": 270 },
            { "model": "minecraft:block/dirt_path2", "weight": 10 },
            { "model": "minecraft:block/dirt_path2", "weight": 10, "y": 90 },
            { "model": "minecraft:block/dirt_path2", "weight": 10, "y": 180 },
            { "model": "minecraft:block/dirt_path2", "weight": 10, "y": 270 },
            { "model": "minecraft:block/dirt_path3", "weight": 15 },
            { "model": "minecraft:block/dirt_path3", "weight": 15, "y": 90 },
            { "model": "minecraft:block/dirt_path3", "weight": 15, "y": 180 },
            { "model": "minecraft:block/dirt_path3", "weight": 15, "y": 270 },
            { "model": "minecraft:block/dirt_path4", "weight": 10 },
            { "model": "minecraft:block/dirt_path4", "weight": 10, "y": 90 },
            { "model": "minecraft:block/dirt_path4", "weight": 10, "y": 180 },
            { "model": "minecraft:block/dirt_path4", "weight": 10, "y": 270 }
        ]
    }
}
