{
    "__comment": "JimStoneCraft - 2023",
    "variants": {
        "type=bottom": [
            { "model": "minecraft:block/polished_tuff_slab" },
            { "model": "minecraft:block/polished_tuff_slab1" },
            { "model": "minecraft:block/polished_tuff_slab2" },
            { "model": "minecraft:block/polished_tuff_slab3" }
        ],
        "type=top": [
            { "model": "minecraft:block/polished_tuff_slab_top" },
            { "model": "minecraft:block/polished_tuff_slab_top1" },
            { "model": "minecraft:block/polished_tuff_slab_top2" },
            { "model": "minecraft:block/polished_tuff_slab_top3" }
        ],
        "type=double": [
            { "model": "minecraft:block/polished_tuff_slab_double" },
            { "model": "minecraft:block/polished_tuff_slab_double1" },
            { "model": "minecraft:block/polished_tuff_slab_double2" },
            { "model": "minecraft:block/polished_tuff_slab_double3" }
        ]
    }
}
