{
    "__comment": "JimStoneCraft - 2024",
    "multipart": [
        {   "when": { "north": "true" },
            "apply": [
            { "model": "minecraft:block/resin_clump" },
            { "model": "minecraft:block/resin_clump1" },
            { "model": "minecraft:block/resin_clump2" },
            { "model": "minecraft:block/resin_clump3" }
            ]
        },
        {   "when": { "down": "false", "east": "false", "north": "false", "south": "false", "up": "false", "west": "false" },
            "apply": [
            { "model": "minecraft:block/resin_clump" },
            { "model": "minecraft:block/resin_clump1" },
            { "model": "minecraft:block/resin_clump2" },
            { "model": "minecraft:block/resin_clump3" }
            ]
        },
        {   "when": { "east": "true" },
            "apply": [
            { "model": "minecraft:block/resin_clump", "uvlock": true, "y": 90 },
            { "model": "minecraft:block/resin_clump1", "uvlock": true, "y": 90 },
            { "model": "minecraft:block/resin_clump2", "uvlock": true, "y": 90 },
            { "model": "minecraft:block/resin_clump3", "uvlock": true, "y": 90 }
            ]
        },
        {   "when": { "down": "false", "east": "false", "north": "false", "south": "false", "up": "false", "west": "false" },
            "apply": [
            { "model": "minecraft:block/resin_clump", "uvlock": true, "y": 90 },
            { "model": "minecraft:block/resin_clump1", "uvlock": true, "y": 90 },
            { "model": "minecraft:block/resin_clump2", "uvlock": true, "y": 90 },
            { "model": "minecraft:block/resin_clump3", "uvlock": true, "y": 90 }
            ]
        },
        {   "when": { "south": "true" },
            "apply": [
            { "model": "minecraft:block/resin_clump", "uvlock": true, "y": 180 },
            { "model": "minecraft:block/resin_clump1", "uvlock": true, "y": 180 },
            { "model": "minecraft:block/resin_clump2", "uvlock": true, "y": 180 },
            { "model": "minecraft:block/resin_clump3", "uvlock": true, "y": 180 }
            ]
        },
        {   "when": { "down": "false", "east": "false", "north": "false", "south": "false", "up": "false", "west": "false" },
            "apply": [
            { "model": "minecraft:block/resin_clump", "uvlock": true, "y": 180 },
            { "model": "minecraft:block/resin_clump1", "uvlock": true, "y": 180 },
            { "model": "minecraft:block/resin_clump2", "uvlock": true, "y": 180 },
            { "model": "minecraft:block/resin_clump3", "uvlock": true, "y": 180 }
            ]
        },
        {   "when": { "west": "true" },
            "apply": [
            { "model": "minecraft:block/resin_clump", "uvlock": true, "y": 270 },
            { "model": "minecraft:block/resin_clump1", "uvlock": true, "y": 270 },
            { "model": "minecraft:block/resin_clump2", "uvlock": true, "y": 270 },
            { "model": "minecraft:block/resin_clump3", "uvlock": true, "y": 270 }
            ]
        },
        {   "when": { "down": "false", "east": "false", "north": "false", "south": "false", "up": "false", "west": "false" },
            "apply": [
            { "model": "minecraft:block/resin_clump", "uvlock": true, "y": 270 },
            { "model": "minecraft:block/resin_clump1", "uvlock": true, "y": 270 },
            { "model": "minecraft:block/resin_clump2", "uvlock": true, "y": 270 },
            { "model": "minecraft:block/resin_clump3", "uvlock": true, "y": 270 }
            ]
        },
        {   "when": { "up": "true" },
            "apply": [
            { "model": "minecraft:block/resin_clump", "uvlock": true, "x": 270 },
            { "model": "minecraft:block/resin_clump1", "uvlock": true, "x": 270 },
            { "model": "minecraft:block/resin_clump2", "uvlock": true, "x": 270 },
            { "model": "minecraft:block/resin_clump3", "uvlock": true, "x": 270 }
            ]
        },
        {   "when": { "down": "false", "east": "false", "north": "false", "south": "false", "up": "false", "west": "false" },
            "apply": [
            { "model": "minecraft:block/resin_clump", "uvlock": true, "x": 270 },
            { "model": "minecraft:block/resin_clump1", "uvlock": true, "x": 270 },
            { "model": "minecraft:block/resin_clump2", "uvlock": true, "x": 270 },
            { "model": "minecraft:block/resin_clump3", "uvlock": true, "x": 270 }
            ]
        },
        {   "when": { "down": "true" },
            "apply": [
            { "model": "minecraft:block/resin_clump", "uvlock": true, "x": 90 },
            { "model": "minecraft:block/resin_clump1", "uvlock": true, "x": 90 },
            { "model": "minecraft:block/resin_clump2", "uvlock": true, "x": 90 },
            { "model": "minecraft:block/resin_clump3", "uvlock": true, "x": 90 }
            ]
        },
        {   "when": { "down": "false", "east": "false", "north": "false", "south": "false", "up": "false", "west": "false" },
            "apply": [
            { "model": "minecraft:block/resin_clump", "uvlock": true, "x": 90 },
            { "model": "minecraft:block/resin_clump1", "uvlock": true, "x": 90 },
            { "model": "minecraft:block/resin_clump2", "uvlock": true, "x": 90 },
            { "model": "minecraft:block/resin_clump3", "uvlock": true, "x": 90 }
            ]
        }
    ]
}
