{
    "__comment": "JimStoneCraft - 2025",
    "variants": {
        "": [
            { "model": "minecraft:block/short_dry_grass" },
            { "model": "minecraft:block/short_dry_grass1" },
            { "model": "minecraft:block/short_dry_grass2" },
            { "model": "minecraft:block/short_dry_grass3" },
            { "model": "minecraft:block/short_dry_grass4" },
            { "model": "minecraft:block/short_dry_grass5" },
            { "model": "minecraft:block/short_dry_grass6" },
            { "model": "minecraft:block/short_dry_grass7" },
            { "model": "minecraft:block/short_dry_grass8" },
            { "model": "minecraft:block/short_dry_grass9" },
            { "model": "minecraft:block/short_dry_grass10" }
        ]
    }
}
