{
    "__comment": "JimStoneCraft - 2023",
    "variants": {
        "facing=east,half=bottom,shape=straight": [
        { "model": "minecraft:block/tuff_stairs", "weight": 50 },
        { "model": "minecraft:block/tuff_stairs1", "weight": 25 },
        { "model": "minecraft:block/tuff_stairs2", "weight": 25 }
        ],
        "facing=west,half=bottom,shape=straight": [
        { "model": "minecraft:block/tuff_stairs", "y": 180, "uvlock": true, "weight": 50 },
        { "model": "minecraft:block/tuff_stairs1", "y": 180, "uvlock": true, "weight": 25 },
        { "model": "minecraft:block/tuff_stairs2", "y": 180, "uvlock": true, "weight": 25 }
        ],
        "facing=south,half=bottom,shape=straight": [
        { "model": "minecraft:block/tuff_stairs", "y": 90, "uvlock": true, "weight": 50 },
        { "model": "minecraft:block/tuff_stairs1", "y": 90, "uvlock": true, "weight": 25 },
        { "model": "minecraft:block/tuff_stairs2", "y": 90, "uvlock": true, "weight": 25 }
        ],
        "facing=north,half=bottom,shape=straight": [
        { "model": "minecraft:block/tuff_stairs", "y": 270, "uvlock": true, "weight": 50 },
        { "model": "minecraft:block/tuff_stairs1", "y": 270, "uvlock": true, "weight": 25 },
        { "model": "minecraft:block/tuff_stairs2", "y": 270, "uvlock": true, "weight": 25 }
        ],
        "facing=east,half=bottom,shape=outer_right": [
        { "model": "minecraft:block/tuff_stairs_outer", "weight": 50 },
        { "model": "minecraft:block/tuff_stairs_outer1", "weight": 25 },
        { "model": "minecraft:block/tuff_stairs_outer2", "weight": 25 }
        ],
        "facing=west,half=bottom,shape=outer_right": [
        { "model": "minecraft:block/tuff_stairs_outer", "y": 180, "uvlock": true, "weight": 50 },
        { "model": "minecraft:block/tuff_stairs_outer1", "y": 180, "uvlock": true, "weight": 25 },
        { "model": "minecraft:block/tuff_stairs_outer2", "y": 180, "uvlock": true, "weight": 25 }
        ],
        "facing=south,half=bottom,shape=outer_right": [
        { "model": "minecraft:block/tuff_stairs_outer", "y": 90, "uvlock": true, "weight": 50 },
        { "model": "minecraft:block/tuff_stairs_outer1", "y": 90, "uvlock": true, "weight": 25 },
        { "model": "minecraft:block/tuff_stairs_outer2", "y": 90, "uvlock": true, "weight": 25 }
        ],
        "facing=north,half=bottom,shape=outer_right": [
        { "model": "minecraft:block/tuff_stairs_outer", "y": 270, "uvlock": true, "weight": 50 },
        { "model": "minecraft:block/tuff_stairs_outer1", "y": 270, "uvlock": true, "weight": 25 },
        { "model": "minecraft:block/tuff_stairs_outer2", "y": 270, "uvlock": true, "weight": 25 }
        ],
        "facing=east,half=bottom,shape=outer_left": [
        { "model": "minecraft:block/tuff_stairs_outer", "y": 270, "uvlock": true, "weight": 50 },
        { "model": "minecraft:block/tuff_stairs_outer1", "y": 270, "uvlock": true, "weight": 25 },
        { "model": "minecraft:block/tuff_stairs_outer2", "y": 270, "uvlock": true, "weight": 25 }
        ],
        "facing=west,half=bottom,shape=outer_left": [
        { "model": "minecraft:block/tuff_stairs_outer", "y": 90, "uvlock": true, "weight": 50 },
        { "model": "minecraft:block/tuff_stairs_outer1", "y": 90, "uvlock": true, "weight": 25 },
        { "model": "minecraft:block/tuff_stairs_outer2", "y": 90, "uvlock": true, "weight": 25 }
        ],
        "facing=south,half=bottom,shape=outer_left": [
        { "model": "minecraft:block/tuff_stairs_outer", "weight": 50 },
        { "model": "minecraft:block/tuff_stairs_outer1", "weight": 25 },
        { "model": "minecraft:block/tuff_stairs_outer2", "weight": 25 }
        ],
        "facing=north,half=bottom,shape=outer_left": [
        { "model": "minecraft:block/tuff_stairs_outer", "y": 180, "uvlock": true, "weight": 50 },
        { "model": "minecraft:block/tuff_stairs_outer1", "y": 180, "uvlock": true, "weight": 25 },
        { "model": "minecraft:block/tuff_stairs_outer2", "y": 180, "uvlock": true, "weight": 25 }
        ],
        "facing=east,half=bottom,shape=inner_right": [
        { "model": "minecraft:block/tuff_stairs_inner", "weight": 50 },
        { "model": "minecraft:block/tuff_stairs_inner1", "weight": 25 },
        { "model": "minecraft:block/tuff_stairs_inner2", "weight": 25 }
        ],
        "facing=west,half=bottom,shape=inner_right": [
        { "model": "minecraft:block/tuff_stairs_inner", "y": 180, "uvlock": true, "weight": 50 },
        { "model": "minecraft:block/tuff_stairs_inner1", "y": 180, "uvlock": true, "weight": 25 },
        { "model": "minecraft:block/tuff_stairs_inner2", "y": 180, "uvlock": true, "weight": 25 }
        ],
        "facing=south,half=bottom,shape=inner_right": [
        { "model": "minecraft:block/tuff_stairs_inner", "y": 90, "uvlock": true, "weight": 50 },
        { "model": "minecraft:block/tuff_stairs_inner1", "y": 90, "uvlock": true, "weight": 25 },
        { "model": "minecraft:block/tuff_stairs_inner2", "y": 90, "uvlock": true, "weight": 25 }
        ],
        "facing=north,half=bottom,shape=inner_right": [
        { "model": "minecraft:block/tuff_stairs_inner", "y": 270, "uvlock": true, "weight": 50 },
        { "model": "minecraft:block/tuff_stairs_inner1", "y": 270, "uvlock": true, "weight": 25 },
        { "model": "minecraft:block/tuff_stairs_inner2", "y": 270, "uvlock": true, "weight": 25 }
        ],
        "facing=east,half=bottom,shape=inner_left": [
        { "model": "minecraft:block/tuff_stairs_inner", "y": 270, "uvlock": true, "weight": 50 },
        { "model": "minecraft:block/tuff_stairs_inner1", "y": 270, "uvlock": true, "weight": 25 },
        { "model": "minecraft:block/tuff_stairs_inner2", "y": 270, "uvlock": true, "weight": 25 }
        ],
        "facing=west,half=bottom,shape=inner_left": [
        { "model": "minecraft:block/tuff_stairs_inner", "y": 90, "uvlock": true, "weight": 50 },
        { "model": "minecraft:block/tuff_stairs_inner1", "y": 90, "uvlock": true, "weight": 25 },
        { "model": "minecraft:block/tuff_stairs_inner2", "y": 90, "uvlock": true, "weight": 25 }
        ],
        "facing=south,half=bottom,shape=inner_left": [
        { "model": "minecraft:block/tuff_stairs_inner", "weight": 50 },
        { "model": "minecraft:block/tuff_stairs_inner1", "weight": 25 },
        { "model": "minecraft:block/tuff_stairs_inner2", "weight": 25 }
        ],
        "facing=north,half=bottom,shape=inner_left": [
        { "model": "minecraft:block/tuff_stairs_inner", "y": 180, "uvlock": true, "weight": 50 },
        { "model": "minecraft:block/tuff_stairs_inner1", "y": 180, "uvlock": true, "weight": 25 },
        { "model": "minecraft:block/tuff_stairs_inner2", "y": 180, "uvlock": true, "weight": 25 }
        ],
        "facing=east,half=top,shape=straight": [
        { "model": "minecraft:block/tuff_stairs", "x": 180, "uvlock": true, "weight": 50 },
        { "model": "minecraft:block/tuff_stairs1", "x": 180, "uvlock": true, "weight": 25 },
        { "model": "minecraft:block/tuff_stairs2", "x": 180, "uvlock": true, "weight": 25 }
        ],
        "facing=west,half=top,shape=straight": [
        { "model": "minecraft:block/tuff_stairs", "x": 180, "y": 180, "uvlock": true, "weight": 50 },
        { "model": "minecraft:block/tuff_stairs1", "x": 180, "y": 180, "uvlock": true, "weight": 25 },
        { "model": "minecraft:block/tuff_stairs2", "x": 180, "y": 180, "uvlock": true, "weight": 25 }
        ],
        "facing=south,half=top,shape=straight": [
        { "model": "minecraft:block/tuff_stairs", "x": 180, "y": 90, "uvlock": true, "weight": 50 },
        { "model": "minecraft:block/tuff_stairs1", "x": 180, "y": 90, "uvlock": true, "weight": 25 },
        { "model": "minecraft:block/tuff_stairs2", "x": 180, "y": 90, "uvlock": true, "weight": 25 }
        ],
        "facing=north,half=top,shape=straight": [
        { "model": "minecraft:block/tuff_stairs", "x": 180, "y": 270, "uvlock": true, "weight": 50 },
        { "model": "minecraft:block/tuff_stairs1", "x": 180, "y": 270, "uvlock": true, "weight": 25 },
        { "model": "minecraft:block/tuff_stairs2", "x": 180, "y": 270, "uvlock": true, "weight": 25 }
        ],
        "facing=east,half=top,shape=outer_right": [
        { "model": "minecraft:block/tuff_stairs_outer", "x": 180, "y": 90, "uvlock": true, "weight": 50 },
        { "model": "minecraft:block/tuff_stairs_outer1", "x": 180, "y": 90, "uvlock": true, "weight": 25 },
        { "model": "minecraft:block/tuff_stairs_outer2", "x": 180, "y": 90, "uvlock": true, "weight": 25 }
        ],
        "facing=west,half=top,shape=outer_right": [
        { "model": "minecraft:block/tuff_stairs_outer", "x": 180, "y": 270, "uvlock": true, "weight": 50 },
        { "model": "minecraft:block/tuff_stairs_outer1", "x": 180, "y": 270, "uvlock": true, "weight": 25 },
        { "model": "minecraft:block/tuff_stairs_outer2", "x": 180, "y": 270, "uvlock": true, "weight": 25 }
        ],
        "facing=south,half=top,shape=outer_right": [
        { "model": "minecraft:block/tuff_stairs_outer", "x": 180, "y": 180, "uvlock": true, "weight": 50 },
        { "model": "minecraft:block/tuff_stairs_outer1", "x": 180, "y": 180, "uvlock": true, "weight": 25 },
        { "model": "minecraft:block/tuff_stairs_outer2", "x": 180, "y": 180, "uvlock": true, "weight": 25 }
        ],
        "facing=north,half=top,shape=outer_right": [
        { "model": "minecraft:block/tuff_stairs_outer", "x": 180, "uvlock": true, "weight": 50 },
        { "model": "minecraft:block/tuff_stairs_outer1", "x": 180, "uvlock": true, "weight": 25 },
        { "model": "minecraft:block/tuff_stairs_outer2", "x": 180, "uvlock": true, "weight": 25 }
        ],
        "facing=east,half=top,shape=outer_left": [
        { "model": "minecraft:block/tuff_stairs_outer", "x": 180, "uvlock": true, "weight": 50 },
        { "model": "minecraft:block/tuff_stairs_outer1", "x": 180, "uvlock": true, "weight": 25 },
        { "model": "minecraft:block/tuff_stairs_outer2", "x": 180, "uvlock": true, "weight": 25 }
        ],
        "facing=west,half=top,shape=outer_left": [
        { "model": "minecraft:block/tuff_stairs_outer", "x": 180, "y": 180, "uvlock": true, "weight": 50 },
        { "model": "minecraft:block/tuff_stairs_outer1", "x": 180, "y": 180, "uvlock": true, "weight": 25 },
        { "model": "minecraft:block/tuff_stairs_outer2", "x": 180, "y": 180, "uvlock": true, "weight": 25 }
        ],
        "facing=south,half=top,shape=outer_left": [
        { "model": "minecraft:block/tuff_stairs_outer", "x": 180, "y": 90, "uvlock": true, "weight": 50 },
        { "model": "minecraft:block/tuff_stairs_outer1", "x": 180, "y": 90, "uvlock": true, "weight": 25 },
        { "model": "minecraft:block/tuff_stairs_outer2", "x": 180, "y": 90, "uvlock": true, "weight": 25 }
        ],
        "facing=north,half=top,shape=outer_left": [
        { "model": "minecraft:block/tuff_stairs_outer", "x": 180, "y": 270, "uvlock": true, "weight": 50 },
        { "model": "minecraft:block/tuff_stairs_outer1", "x": 180, "y": 270, "uvlock": true, "weight": 25 },
        { "model": "minecraft:block/tuff_stairs_outer2", "x": 180, "y": 270, "uvlock": true, "weight": 25 }
        ],
        "facing=east,half=top,shape=inner_right": [
        { "model": "minecraft:block/tuff_stairs_inner", "x": 180, "y": 90, "uvlock": true, "weight": 50 },
        { "model": "minecraft:block/tuff_stairs_inner1", "x": 180, "y": 90, "uvlock": true, "weight": 25 },
        { "model": "minecraft:block/tuff_stairs_inner2", "x": 180, "y": 90, "uvlock": true, "weight": 25 }
        ],
        "facing=west,half=top,shape=inner_right": [
        { "model": "minecraft:block/tuff_stairs_inner", "x": 180, "y": 270, "uvlock": true, "weight": 50 },
        { "model": "minecraft:block/tuff_stairs_inner1", "x": 180, "y": 270, "uvlock": true, "weight": 25 },
        { "model": "minecraft:block/tuff_stairs_inner2", "x": 180, "y": 270, "uvlock": true, "weight": 25 }
        ],
        "facing=south,half=top,shape=inner_right": [
        { "model": "minecraft:block/tuff_stairs_inner", "x": 180, "y": 180, "uvlock": true, "weight": 50 },
        { "model": "minecraft:block/tuff_stairs_inner1", "x": 180, "y": 180, "uvlock": true, "weight": 25 },
        { "model": "minecraft:block/tuff_stairs_inner2", "x": 180, "y": 180, "uvlock": true, "weight": 25 }
        ],
        "facing=north,half=top,shape=inner_right": [
        { "model": "minecraft:block/tuff_stairs_inner", "x": 180, "uvlock": true, "weight": 50 },
        { "model": "minecraft:block/tuff_stairs_inner1", "x": 180, "uvlock": true, "weight": 25 },
        { "model": "minecraft:block/tuff_stairs_inner2", "x": 180, "uvlock": true, "weight": 25 }
        ],
        "facing=east,half=top,shape=inner_left": [
        { "model": "minecraft:block/tuff_stairs_inner", "x": 180, "uvlock": true, "weight": 50 },
        { "model": "minecraft:block/tuff_stairs_inner1", "x": 180, "uvlock": true, "weight": 25 },
        { "model": "minecraft:block/tuff_stairs_inner2", "x": 180, "uvlock": true, "weight": 25 }
        ],
        "facing=west,half=top,shape=inner_left": [
        { "model": "minecraft:block/tuff_stairs_inner", "x": 180, "y": 180, "uvlock": true, "weight": 50 },
        { "model": "minecraft:block/tuff_stairs_inner1", "x": 180, "y": 180, "uvlock": true, "weight": 25 },
        { "model": "minecraft:block/tuff_stairs_inner2", "x": 180, "y": 180, "uvlock": true, "weight": 25 }
        ],
        "facing=south,half=top,shape=inner_left": [
        { "model": "minecraft:block/tuff_stairs_inner", "x": 180, "y": 90, "uvlock": true, "weight": 50 },
        { "model": "minecraft:block/tuff_stairs_inner1", "x": 180, "y": 90, "uvlock": true, "weight": 25 },
        { "model": "minecraft:block/tuff_stairs_inner2", "x": 180, "y": 90, "uvlock": true, "weight": 25 }
        ],
        "facing=north,half=top,shape=inner_left": [
        { "model": "minecraft:block/tuff_stairs_inner", "x": 180, "y": 270, "uvlock": true, "weight": 50 },
        { "model": "minecraft:block/tuff_stairs_inner1", "x": 180, "y": 270, "uvlock": true, "weight": 25 },
        { "model": "minecraft:block/tuff_stairs_inner2", "x": 180, "y": 270, "uvlock": true, "weight": 25 }
        ]
    }
}
