{"providers":[{"type":"space","advances":{"a":-8,"b":-168}},{"type":"bitmap","file":"borukva-food:sgui/stove.png","ascent":13,"height":256,"chars":["c"]},{"type":"bitmap","file":"borukva-food:sgui/pan.png","ascent":13,"height":256,"chars":["d"]},{"type":"bitmap","file":"borukva-food:sgui/pot.png","ascent":13,"height":256,"chars":["e"]},{"type":"bitmap","file":"borukva-food:sgui/fertilizer_sprayer.png","ascent":13,"height":256,"chars":["f"]},{"type":"bitmap","file":"borukva-food:sgui/polydex/0.png","ascent":-4,"height":128,"chars":["g","h"]},{"type":"bitmap","file":"borukva-food:sgui/polydex/1.png","ascent":-4,"height":128,"chars":["i","j"]},{"type":"bitmap","file":"borukva-food:sgui/polydex/2.png","ascent":-4,"height":128,"chars":["k","l"]}]}