{
    "__comment": "JimStoneCraft - 2024",
    "providers": [
        {
            "type": "reference",
            "id": "minecraft:include/space"
        },
        {
            "type": "reference",
            "id": "minecraft:include/default",
            "filter": {
                "uniform": false
            }
        },
        {
            "type": "reference",
            "id": "minecraft:include/unifont"
        },
        {
            "type":"bitmap",
            "file":"minecraft:font/food/food_full.png",
            "ascent":8,
            "height":8,
            "chars":["\ueff1"]
        },
        {   "type":"bitmap",
            "file":"minecraft:font/food/food_half.png",
            "ascent":8,
            "height":8,
            "chars": ["\ueff2"]
        },
        {
            "type":"bitmap",
            "file":"minecraft:font/food/food_full_special.png",
            "ascent":8,
            "height":8,
            "chars":["\ueff3"]
        },
        {   "type":"bitmap",
            "file":"minecraft:font/food/food_half_special.png",
            "ascent":8,
            "height":8,
            "chars": ["\ueff4"]
        },
        {
            "type":"bitmap",
            "file":"minecraft:font/food/food_full_enchanted.png",
            "ascent":8,
            "height":8,
            "chars":["\ueff5"]
        },
        {   "type":"bitmap",
            "file":"minecraft:font/food/food_half_enchanted.png",
            "ascent":8,
            "height":8,
            "chars": ["\ueff6"]
        },
        {   "type":"bitmap",
            "file":"minecraft:font/armor/armor_full.png",
            "ascent":8,
            "height":8,
            "chars": ["\uefa1"]
        },
        {   "type":"bitmap",
            "file":"minecraft:font/armor/armor_half.png",
            "ascent":8,
            "height":8,
            "chars": ["\uefa2"]
        },
        {   "type":"bitmap",
            "file":"minecraft:font/weapons/attack_damage_full.png",
            "ascent":8,
            "height":8,
            "chars": ["\uefa3"]
        },
        {   "type":"bitmap",
            "file":"minecraft:font/weapons/attack_damage_half.png",
            "ascent":8,
            "height":8,
            "chars": ["\uefa4"]
        }
    ]
}
